id,category,title,content,keywords
imm_faq_boost_fast,Immunity FAQ,Can You Boost Your Immune System Fast?,"The immune system cannot be instantly 'boosted' the way a single meal or drink implies - it's a complex network built up over weeks and months of consistent habits. What actually works is steady support: regular sleep, adequate protein, and a varied intake of vitamins and minerals (especially vitamin C, vitamin D, and zinc) so immune cells have what they need to respond quickly when a real threat appears. Anything promising an overnight fix is overstating what nutrition can do in the short term.","boost immune system fast, quick immune boost, instant immunity"
imm_faq_cure_cold_food,Immunity FAQ,Do Foods Cure a Cold Quickly?,"No single food cures a cold - colds are viral infections that run their course as the immune system clears them, typically over several days. What helps is staying hydrated, eating easily digestible, nutrient-dense foods (soups, fruits, whole grains) to support the body's energy needs, and getting enough rest so the immune response isn't competing with other demands. Warm fluids can also soothe congestion and a sore throat, which eases symptoms even though they don't shorten the infection itself.","cure a cold fast, foods for cold, quick cold remedy"
imm_faq_instant_booster_drinks,Immunity FAQ,Do Instant Immune Booster Drinks Work?,"Most bottled 'immune booster' shots and drinks provide a short-term spike in vitamin C or zinc, but the body can only use so much at once and flushes out the excess through urine within hours. They aren't harmful in moderation, but they don't provide lasting protection beyond what a balanced diet already supplies. Consistent nutrient intake over time matters far more for immune function than any single drink taken right before or during an illness.","immune booster drinks, immunity shots, do detox drinks work"
imm_faq_gut_microbiome,Immunity FAQ,How Does the Gut Microbiome Connect to Immunity?,"A large share of the body's immune cells are located in tissue lining the gut, which is in constant contact with the trillions of bacteria living there. A diverse, balanced gut microbiome helps train and regulate immune responses, teaching the body to react appropriately to real threats while tolerating harmless food particles and its own healthy bacteria. Disruption of this balance, through poor diet, excess antibiotics, or chronic stress, is linked to both weaker infection defense and increased inflammation.","gut microbiome and immunity, gut bacteria immune system, gut health immunity"
imm_faq_wbc_diet,Immunity FAQ,How Does Diet Directly Affect White Blood Cell Count?,"White blood cells are built from protein and rely on specific micronutrients - zinc, iron, folate, and vitamins B6, B12, C, and D - to be produced and to function properly. Severe or prolonged deficiencies in any of these can measurably impair the body's ability to generate and deploy white blood cells, weakening the immune response. This effect is most pronounced with significant malnutrition or protein deficiency; mild dietary gaps in an otherwise adequate diet rarely cause a noticeable drop.","diet and white blood cell count, nutrition and white blood cells, foods that increase white blood cells"
imm_faq_vitc_colds,Immunity FAQ,Does Vitamin C Actually Work for Colds?,"Regularly taking vitamin C does not prevent colds for most people, and taking it only after symptoms start has little effect on how long the cold lasts. Where it does help is in people who are already low in vitamin C, or in modestly shortening cold duration and severity when intake is consistently adequate beforehand. Vitamin C supports several immune cell functions, so maintaining good levels through diet is worthwhile - it's just not the acute cure it's often marketed as.","vitamin c for colds, does vitamin c prevent colds, vitamin c and immunity"
imm_faq_zinc_vitd_immunity,Immunity FAQ,How Do Zinc and Vitamin D Impact the Immune System?,"Vitamin D helps regulate the production of antimicrobial proteins and modulates how aggressively the immune system responds, which is why low vitamin D levels are linked to more frequent respiratory infections. Zinc is essential for the development and function of immune cells and plays a direct role in wound healing and the body's first-line response to pathogens. Deficiency in either nutrient measurably weakens immune defenses, making them two of the most evidence-backed nutrients for immune support.","zinc and vitamin d immunity, zinc immune system, vitamin d immune system"
imm_faq_antioxidant_foods_immunity,Immunity FAQ,Which Foods Are Highest in Antioxidants for Immunity?,"Berries (especially blueberries and blackberries), dark leafy greens like spinach and kale, and nuts such as walnuts and almonds are among the richest whole-food sources of antioxidants. Antioxidants help protect immune cells from oxidative stress and damage generated during a normal immune response, allowing those cells to keep functioning effectively. Eating a variety of colorful fruits and vegetables daily is a more reliable way to get a broad antioxidant profile than relying on any single 'superfood.'","antioxidant foods for immunity, best antioxidant foods, foods rich in antioxidants"
imm_faq_sugar_immunity,Immunity FAQ,Does Sugar Lower the Immune System?,"Yes - regularly eating large amounts of refined sugar promotes low-grade chronic inflammation and has been shown to temporarily reduce the ability of certain white blood cells to fight bacteria for several hours after intake. Occasional sugar intake isn't a major concern, but a diet consistently high in refined sugar and processed carbohydrates is one of the more well-documented dietary contributors to weakened immune efficiency over time.","sugar and immune system, does sugar weaken immunity, sugar lowers immunity"
imm_faq_inflammatory_foods,Immunity FAQ,What Foods Cause Inflammation and Sickness?,"Ultra-processed foods, foods high in trans fats and refined vegetable oils, excessive refined carbohydrates, and sugary drinks are the most consistently linked to chronic, low-grade inflammation. Over time, this baseline inflammation can leave the immune system in a constantly activated, less efficient state, making it slower to respond appropriately to genuine infections. Replacing these with whole foods, fiber, and healthy fats is the main dietary lever for reducing chronic inflammation.","foods that cause inflammation, inflammatory foods list, foods that cause sickness"
imm_faq_diet_frequent_illness,Immunity FAQ,Why Do I Get Sick So Often Because of My Diet?,"A diet that's low in variety and consistently short on key nutrients - protein, zinc, vitamin C, vitamin D, and iron among them - creates an ongoing baseline of mild inflammation and under-resourced immune cells. This leaves the immune system overworked and less able to mount a fast, effective response when it actually encounters a new virus or bacteria, which can show up as catching illnesses more often or recovering from them more slowly. Improving dietary variety and consistency is usually the most effective long-term fix, alongside adequate sleep and stress management.","getting sick often diet, why do i keep getting sick, weak immune system diet"
imm_faq_best_immune_supplements,Immunity FAQ,What Are the Best Immune System Supplements?,"Vitamin D and zinc have the strongest evidence behind them, but mainly for people who are actually deficient - supplementing on top of an already-adequate diet shows little additional immune benefit for most healthy people. Vitamin C and probiotic supplements have more modest, situational evidence. Supplements are best thought of as filling a specific, identified gap rather than a general-purpose immune upgrade; food remains the more complete and reliable source for most people.","best immune supplements, immune system supplements, supplements for immunity"
imm_faq_gummies,Immunity FAQ,Do Immunity Gummies Actually Work or Are They a Scam?,"Immunity gummies typically contain a modest dose of vitamin C or zinc along with a significant amount of added sugar, making them closer to candy with a vitamin added than a meaningful immune supplement. They aren't a scam in the sense of being fake, but the marketing usually overstates their benefit - a single serving of whole fruit generally provides comparable or better vitamin C along with fiber and other nutrients the gummy lacks.","do immunity gummies work, immunity gummies scam, vitamin gummies for immune system"
imm_faq_alkaline_diet_myth,Immunity FAQ,Does the Alkaline Diet Prevent Sickness?,"No - the alkaline diet is based on a misunderstanding of human physiology. Blood pH is tightly regulated within an extremely narrow range by the lungs and kidneys regardless of what you eat, and no food can meaningfully shift it. While alkaline-diet foods (vegetables, fruits) are genuinely healthy, any immune benefit comes from their actual nutrient content, not from changing the body's pH.","alkaline diet immune system, does alkaline diet work, alkaline diet myth"
imm_faq_detox_myth,Immunity FAQ,Is Detoxing Real for the Immune System?,"The idea of 'detoxing' through juice cleanses or special teas to clear toxins and reset the immune system isn't supported by how the body actually works. The liver and kidneys continuously filter and remove waste products and toxins on their own, without needing a special diet to prompt them, and short-term cleanses don't meaningfully change immune cell function. A consistently balanced diet supports these organs far more than any short cleanse.","is detoxing real, immune system detox, juice cleanse immunity"
imm_faq_apple_cider_vinegar,Immunity FAQ,Is Apple Cider Vinegar for Immunity a Myth?,"Mostly, yes. Apple cider vinegar has some mild evidence for modestly improving blood sugar control, but claims that it meaningfully boosts immunity or fights infection aren't well supported by research. It isn't harmful in small, diluted amounts, but it shouldn't be relied on as a primary tool for immune support ahead of a genuinely nutrient-dense diet.","apple cider vinegar immunity, acv immune system, does apple cider vinegar boost immunity"
imm_faq_seniors_immunity,Immunity FAQ,What Are the Best Immune Foods for Seniors?,"Immune function and nutrient absorption both naturally decline with age, so older adults typically need proportionally more protein, zinc, and vitamin B12 than younger adults to maintain the same level of immune support. Good sources include lean meats, eggs, dairy, legumes, and fortified foods, since B12 absorption in particular becomes less efficient with age. Adequate vitamin D is also important, as skin becomes less efficient at producing it from sunlight over time.","immune foods for seniors, elderly immune system diet, immunity foods for older adults"
imm_faq_toddler_immunity,Immunity FAQ,How Do I Boost My Toddler's Immune System?,"A toddler's immune system isn't something you can 'boost' - it develops naturally through repeated, ordinary exposure to germs, which is a normal and necessary part of childhood. What actually supports that development is a balanced diet with adequate protein, iron, zinc, and vitamin D, along with consistent sleep, since sleep is when much immune-related repair and development happens. Frequent minor illnesses in early childhood are typically a sign the immune system is learning, not a sign that something is wrong with the diet.","boost toddler immune system, child immunity diet, kids immune system food"
imm_faq_pregnancy_immunity,Immunity FAQ,What Is the Best Pregnancy Diet for Immune Support?,"During pregnancy, the immune system naturally shifts to tolerate the developing fetus, making adequate nutrition especially important for both maternal and fetal immune development. Folate, iron, and diverse, high-quality protein sources are particularly important, supporting both increased maternal blood volume and fetal tissue growth. Vitamin D and zinc also remain important throughout pregnancy for normal immune function in both mother and baby.","pregnancy diet immune system, immune support during pregnancy, best foods for pregnancy immunity"
imm_faq_overactive_immune_diet,Immunity FAQ,What Is the Best Diet for an Overactive Immune System?,"For conditions where the immune system is overactive (such as autoimmune disorders), an anti-inflammatory eating pattern built around whole foods - vegetables, fruits, fatty fish, nuts, and olive oil - is generally recommended, while ultra-processed foods and added sugars are minimized. Some people also benefit from identifying and reducing specific personal dietary triggers, though this varies significantly from person to person. This kind of diet supports overall immune balance rather than suppressing immune function outright.","diet for overactive immune system, anti-inflammatory diet autoimmune, autoimmune diet"
imm_faq_aip_diet,Immunity FAQ,How Does the AIP (Autoimmune Protocol) Diet Work?,"The Autoimmune Protocol (AIP) diet works in two phases: first, a strict elimination of foods commonly linked to inflammation or gut irritation - including grains, dairy, nightshade vegetables, legumes, and processed sugar - typically for several weeks. Foods are then reintroduced one at a time, with symptoms tracked closely, to identify which specific foods (if any) seem to trigger flare-ups for that individual. It's meant to be a temporary diagnostic tool rather than a permanent way of eating, and is best done with medical guidance.","AIP diet, autoimmune protocol diet, how does AIP diet work"
imm_faq_autoimmune_triggers,Immunity FAQ,Which Foods Trigger Autoimmune Flare-Ups?,"There's no single food that triggers flare-ups for everyone - autoimmune food sensitivities are highly individualized. That said, gluten, dairy, and heavily processed foods are the most commonly reported culprits across autoimmune conditions, which is why they're often the first foods eliminated when testing for personal triggers. Keeping a food and symptom diary is usually the most reliable way to identify an individual's actual triggers rather than following a generic list.","autoimmune flare up foods, foods that trigger autoimmune disease, autoimmune food triggers"
imm_faq_bone_broth,Immunity FAQ,Does Bone Broth Actually Help the Immune System?,"Bone broth isn't a magic immune cure, but it does offer genuine, modest benefits: the warm liquid helps thin mucus and ease congestion, and the broth provides easily digestible amino acids and some minerals that are gentle on the digestive system during illness. Its immune benefit is largely about supporting hydration and easy nutrition when appetite is low, rather than any unique compound that fights infection directly.","bone broth immune system, does bone broth help when sick, bone broth benefits"
imm_faq_garlic_ginger,Immunity FAQ,Do Garlic and Ginger Work for a Cold?,"Yes, to a modest degree - both garlic and ginger have documented mild antimicrobial and anti-inflammatory properties backed by research. Garlic contains allicin, which has some evidence for reducing cold frequency and severity, while ginger can help ease nausea and soothe an inflamed throat. Neither is a cure, but including them as part of a diet during illness has genuine, if modest, supportive value.","garlic and ginger for cold, do garlic and ginger help immunity, natural cold remedies"
imm_faq_ayurvedic_diet,Immunity FAQ,What Is the Ayurvedic Diet for Immunity?,"The Ayurvedic approach to immunity emphasizes warm, freshly cooked, easily digestible foods along with specific spices believed to support digestion and reduce inflammation, such as turmeric, ginger, and black pepper. Many of these principles - favoring whole foods, reducing raw/cold heavy meals during illness, and using anti-inflammatory spices - align reasonably well with modern nutrition science's understanding of digestion and inflammation, even though the underlying framework (balancing doshas) isn't itself a scientific model.","ayurvedic diet for immunity, ayurveda immune system, ayurvedic immunity foods"
imm_faq_fever_eating,Immunity FAQ,Should I Eat When I Have a Fever?,"Yes - generating and sustaining a fever is metabolically expensive, requiring significant energy, so going without food can actually leave the body short of the fuel it needs to mount an effective immune response. Light, easily digestible foods and plenty of fluids are usually best if appetite is reduced, but complete fasting during a fever is generally not recommended unless a doctor advises otherwise.","should i eat with a fever, eating during fever, fever and food intake"
imm_faq_intermittent_fasting_immunity,Immunity FAQ,How Does Intermittent Fasting Affect the Immune System?,"In healthy individuals, periods of fasting may promote autophagy, a cellular cleanup process that can support long-term immune cell health, and some research links it to reduced inflammation. However, when the body is actively fighting an infection, that calculus changes - the immune response requires immediate energy and nutrients, so eating consistently is generally considered more supportive than fasting while sick.","intermittent fasting immune system, fasting and immunity, does fasting help immune system"
imm_faq_feed_cold_starve_fever,Immunity FAQ,"Is 'Feed a Cold, Starve a Fever' True?","No, this old saying isn't accurate - both a cold and a fever require adequate hydration and nutrition to support an effective immune response. Restricting food during a fever can deprive the body of the energy it needs to sustain that immune response, since fevers are metabolically demanding. The better guidance for both is the same: stay hydrated, eat what you can tolerate, and prioritize rest.","feed a cold starve a fever myth, is feed a cold starve a fever true, fever and cold diet myth"
